,Line num,Command,Notes
0,1,\documentclass,amsart
1,2,\usepackage,longtable
2,3,\usepackage,amssymb
3,4,\usepackage,color
4,5,\usepackage,graphicx
5,6,\theoremstyle,plain
6,7,\newtheorem,N/A
7,8,\newtheorem,N/A
8,9,\newtheorem,N/A
9,10,\newtheorem,N/A
10,11,\newtheorem,N/A
11,12,\newtheorem,N/A
12,13,\numberwithin,N/A
13,14,\def,\operatorname
14,14,\op,\operatorname
15,14,\operatorname,\operatorname
16,15,\makeatletter,N/A
17,16,\textup,N/A
18,17,\makeatother,N/A
19,18,document,Environment
20,19,\title,Hankel Determinants of sequences related to Bernoulli and Euler Polynomials
21,20,\author,Karl Dilcher
22,21,\address,"Department of Mathematics and Statistics\\ Dalhousie University\\ Halifax, Nova Scotia, B3H 4R2, Canada"
23,22,\email,dilcher@mathstat.dal.ca
24,23,\author,Lin Jiu\textsuperscript{*
25,23,\textsuperscript,Lin Jiu\textsuperscript{*
26,24,\thanks,*corresponding author
27,25,\address,"Department of Mathematics and Statistics\\ Dalhousie University\\ Halifax, Nova Scotia, B3H 4R2, Canada"
28,26,\email,lin.jiu@dal.ca
29,27,\keywords,N/A
30,29,\subjclass,Primary 11B68; Secondary 11C20
31,30,\thanks,N/A
32,32,\date,
33,33,\setcounter,N/A
34,34,abstract,Environment
35,46,\maketitle,N/A
36,47,\section,Introduction
37,50,equation,Environment
38,51,\frac,N/A
39,51,\sum_,N/A
40,51,\infty,N/A
41,51,\frac,N/A
42,51,\qquad,N/A
43,51,\hbox,N/A
44,51,\qquad,N/A
45,52,\frac,N/A
46,52,\sum_,N/A
47,52,\infty,N/A
48,52,\frac,N/A
49,56,equation,Environment
50,57,\frac,N/A
51,57,\sum_,N/A
52,57,\infty,N/A
53,57,\frac,N/A
54,57,\qquad,N/A
55,57,\hbox,N/A
56,57,\qquad,N/A
57,58,\frac,N/A
58,58,\sum_,N/A
59,58,\infty,N/A
60,58,\frac,N/A
61,65,\cite,DLMF
62,68,\it,N/A
63,68,\it,N/A
64,70,equation,Environment
65,71,\big,N/A
66,71,\big,N/A
67,71,\leq,N/A
68,71,\leq,N/A
69,72,pmatrix,Environment
70,73,\cdots,N/A
71,73,\cdots,N/A
72,73,\cdots,N/A
73,73,\vdots,N/A
74,73,\vdots,N/A
75,73,\vdots,N/A
76,73,\ddots,N/A
77,73,\vdots,N/A
78,73,\cdots,N/A
79,76,\it,\it Hankel determinant
80,79,equation,Environment
81,80,\bf,N/A
82,80,\det_,N/A
83,80,\leq,N/A
84,80,\leq,N/A
85,80,\big,N/A
86,80,\big,N/A
87,87,\cite,Is
88,90,\cite,"Kr, Kr2, Mi"
89,95,\cite,N/A
90,95,\cite,N/A
91,101,\cite,AC
92,102,equation,Environment
93,103,\binom,N/A
94,103,\prod_,N/A
95,103,\ell,N/A
96,103,\ell,N/A
97,103,\qquad,N/A
98,104,\geq,N/A
99,108,equation,Environment
100,109,\big,N/A
101,109,\big,N/A
102,110,\prod_,N/A
103,110,\ell,N/A
104,110,\ell,N/A
105,110,\qquad,N/A
106,110,\geq,N/A
107,124,\section,Some known results
108,130,equation,Environment
109,131,\sum_,N/A
110,131,\binom,N/A
111,131,\qquad,N/A
112,132,\sum_,N/A
113,132,\binom,N/A
114,133,\frac,N/A
115,133,\big,N/A
116,133,\tfrac,N/A
117,133,\big,N/A
118,135,\eqref,N/A
119,135,\eqref,N/A
120,137,equation,Environment
121,138,\frac,N/A
122,138,\left,N/A
123,138,\tfrac,N/A
124,138,\tfrac,N/A
125,138,\right,N/A
126,140,\cite,DLMF
127,141,equation,Environment
128,142,\tfrac,N/A
129,142,\quad,N/A
130,143,\quad,N/A
131,143,\geq,N/A
132,145,\cite,DLMF
133,147,equation,Environment
134,148,\qquad,N/A
135,150,\cite,DLMF
136,151,equation,Environment
137,152,\tfrac,N/A
138,152,\qquad,N/A
139,152,\ldots,N/A
140,155,equation,Environment
141,156,\tfrac,N/A
142,156,\qquad,N/A
143,156,\ldots,N/A
144,159,\cite,DLMF
145,160,\bigskip,N/A
146,161,center,Environment
147,162,\renewcommand,N/A
148,162,\arraystretch,N/A
149,163,tabular,Environment
150,164,\hline,N/A
151,165,\hline,N/A
152,170,\hline,N/A
153,172,\medskip,\bf Table~1
154,172,\bf,\bf Table~1
155,174,\bigskip,N/A
156,176,lemma,Environment
157,179,equation,Environment
158,184,equation,Environment
159,188,\eqref,2.5
160,189,\eqref,2.6
161,190,\cite,Ju
162,191,\cite,N/A
163,191,\ref,N/A
164,192,\eqref,2.1
165,193,align,Environment
166,194,\label,N/A
167,194,\label,N/A
168,196,\eqref,2.8
169,197,\eqref,N/A
170,197,\eqref,N/A
171,201,\cite,CK
172,203,lemma,Environment
173,206,equation,Environment
174,207,\det_,N/A
175,207,\leq,N/A
176,207,\leq,N/A
177,208,\det_,N/A
178,208,\leq,N/A
179,208,\leq,N/A
180,208,\lfloor,N/A
181,208,\rfloor,N/A
182,209,\cdot,N/A
183,209,\det_,N/A
184,209,\leq,N/A
185,209,\leq,N/A
186,209,\lfloor,N/A
187,209,\rfloor,N/A
188,212,equation,Environment
189,213,\det_,N/A
190,213,\leq,N/A
191,213,\leq,N/A
192,214,\det_,N/A
193,214,\leq,N/A
194,214,\leq,N/A
195,214,\lfloor,N/A
196,214,\rfloor,N/A
197,215,\cdot,N/A
198,215,\det_,N/A
199,215,\leq,N/A
200,215,\leq,N/A
201,215,\lfloor,N/A
202,215,\rfloor,N/A
203,218,equation,Environment
204,219,\det_,N/A
205,219,\leq,N/A
206,219,\leq,N/A
207,222,\cite,CK
208,223,\eqref,2.10
209,224,\ref,lem:2.2
210,225,\medskip,N/A
211,226,\noindent,N/A
212,226,\bf,N/A
213,226,\eqref,N/A
214,227,\bigskip,N/A
215,228,\noindent,N/A
216,228,\bf,N/A
217,228,\eqref,N/A
218,228,\eqref,N/A
219,233,equation,Environment
220,234,\det,"i,j"
221,235,\det,"i,j"
222,238,\cite,DJ
223,239,theorem,Environment
224,241,equation,Environment
225,242,\binom,N/A
226,242,\left,N/A
227,242,\frac,N/A
228,242,\right,N/A
229,242,\prod_,N/A
230,242,\ell,N/A
231,243,\left,N/A
232,243,\frac,N/A
233,243,\ell,N/A
234,243,\ell,N/A
235,243,\ell,N/A
236,243,\ell,N/A
237,243,\right,N/A
238,243,\ell,N/A
239,246,theorem,Environment
240,249,equation,Environment
241,250,\nu,N/A
242,250,\binom,N/A
243,250,\nu,N/A
244,250,\tfrac,N/A
245,251,\prod_,N/A
246,251,\ell,N/A
247,251,\left,N/A
248,251,\frac,N/A
249,251,\ell,N/A
250,251,\big,N/A
251,251,\ell,N/A
252,251,\nu,N/A
253,251,\big,N/A
254,251,\right,N/A
255,251,\ell,N/A
256,254,align,Environment
257,255,\binom,N/A
258,255,\prod_,N/A
259,255,\ell,N/A
260,256,\left,N/A
261,256,\frac,N/A
262,256,\ell,N/A
263,256,\big,N/A
264,256,\ell,N/A
265,256,\big,N/A
266,256,\right,N/A
267,256,\ell,N/A
268,256,\label,N/A
269,256,\binom,N/A
270,256,\left,N/A
271,256,\frac,N/A
272,256,\right,N/A
273,257,\prod_,N/A
274,257,\ell,N/A
275,257,\left,N/A
276,257,\frac,N/A
277,257,\ell,N/A
278,257,\big,N/A
279,257,\ell,N/A
280,257,\big,N/A
281,257,\right,N/A
282,257,\ell,N/A
283,257,\label,N/A
284,257,\binom,N/A
285,257,\left,N/A
286,257,\frac,N/A
287,257,\right,N/A
288,258,\prod_,N/A
289,258,\ell,N/A
290,258,\left,N/A
291,258,\frac,N/A
292,258,\ell,N/A
293,258,\ell,N/A
294,258,\right,N/A
295,258,\ell,N/A
296,258,\label,N/A
297,261,\section,Sums and Differences of Bernoulli polynomials
298,263,\eqref,N/A
299,263,\eqref,N/A
300,266,\eqref,2.2
301,267,equation,Environment
302,268,\cdot,N/A
303,268,\left,N/A
304,268,\tfrac,N/A
305,268,\tfrac,N/A
306,268,\right,N/A
307,273,\eqref,6.1
308,275,equation,Environment
309,276,\pm,N/A
310,276,\tfrac,N/A
311,276,\pm,N/A
312,276,\tfrac,N/A
313,277,\qquad,N/A
314,277,\ldots,N/A
315,280,\eqref,6.2
316,282,lemma,Environment
317,285,proof,Environment
318,286,\cite,DLMF
319,287,\eqref,6.2
320,288,align,Environment
321,289,\pm,\pm
322,290,\sum_,N/A
323,290,\binom,N/A
324,290,\tfrac,N/A
325,290,\big,N/A
326,290,\tfrac,N/A
327,290,\big,N/A
328,291,\pm,N/A
329,291,\sum_,N/A
330,291,\binom,N/A
331,291,\tfrac,N/A
332,291,\big,N/A
333,291,\tfrac,N/A
334,291,\big,N/A
335,291,\sum_,N/A
336,291,\binom,N/A
337,291,\left,N/A
338,291,\tfrac,N/A
339,292,\pm,N/A
340,292,\tfrac,N/A
341,292,\right,N/A
342,292,\big,N/A
343,292,\tfrac,N/A
344,292,\big,N/A
345,292,\sum_,N/A
346,292,\binom,N/A
347,292,\pm,N/A
348,292,\big,N/A
349,292,\tfrac,N/A
350,292,\big,N/A
351,294,\ref,lem:2.1
352,297,\ref,lem:6.1
353,299,lemma,Environment
354,301,equation,Environment
355,302,q,Environment
356,303,\hbox,N/A
357,303,\tfrac,N/A
358,303,\hbox,N/A
359,307,equation,Environment
360,308,q,Environment
361,309,\tfrac,N/A
362,309,\hbox,N/A
363,309,\hbox,N/A
364,313,proof,Environment
365,314,\eqref,6.2
366,315,align,Environment
367,316,\pm,N/A
368,316,\tfrac,N/A
369,317,\tfrac,N/A
370,317,\pm,N/A
371,317,\tfrac,N/A
372,318,\tfrac,N/A
373,318,\pm,N/A
374,318,\tfrac,N/A
375,318,\tfrac,N/A
376,318,\pm,N/A
377,318,\tfrac,N/A
378,320,\eqref,2.4
379,321,\eqref,N/A
380,321,\eqref,N/A
381,323,\ref,lem:6.2
382,324,\eqref,6.3
383,325,\ref,lem:2.2
384,327,theorem,Environment
385,331,equation,Environment
386,332,\left,N/A
387,332,\frac,N/A
388,332,\right,N/A
389,332,\prod_,N/A
390,332,\ell,N/A
391,333,\left,N/A
392,333,\frac,N/A
393,333,\ell,N/A
394,333,\big,N/A
395,333,\ell,N/A
396,333,\big,N/A
397,333,\ell,N/A
398,333,\ell,N/A
399,333,\right,N/A
400,333,\ell,N/A
401,336,proof,Environment
402,337,\ref,N/A
403,337,\ref,N/A
404,337,\ref,N/A
405,338,\eqref,2.11
406,339,\eqref,N/A
407,339,\eqref,N/A
408,340,equation,Environment
409,341,\det_,N/A
410,341,\leq,N/A
411,341,\leq,N/A
412,341,\big,N/A
413,341,\big,N/A
414,342,\left,N/A
415,342,\det_,N/A
416,342,\leq,N/A
417,342,\leq,N/A
418,342,\big,N/A
419,342,\big,N/A
420,342,\right,N/A
421,345,\eqref,N/A
422,345,\eqref,N/A
423,346,equation,Environment
424,347,\big,N/A
425,347,\tfrac,N/A
426,347,\big,N/A
427,349,\ref,thm:2.3
428,350,\eqref,N/A
429,350,\eqref,N/A
430,351,\eqref,N/A
431,351,\eqref,N/A
432,353,\ref,thm:6.3
433,355,\eqref,2.13
434,356,\cite,DJ
435,357,\ref,thm:6.3
436,358,\eqref,6.1
437,359,corollary,Environment
438,362,align,Environment
439,363,\big,N/A
440,363,\big,N/A
441,364,\prod_,N/A
442,364,\ell,N/A
443,364,\ell,N/A
444,364,\label,N/A
445,364,\big,N/A
446,364,\big,N/A
447,365,\prod_,N/A
448,365,\ell,N/A
449,365,\ell,N/A
450,365,\label,N/A
451,368,proof,Environment
452,369,\eqref,N/A
453,369,\eqref,N/A
454,370,\eqref,N/A
455,370,\eqref,N/A
456,371,\eqref,N/A
457,371,\eqref,N/A
458,372,\eqref,6.8
459,373,\eqref,2.1
460,374,\ref,lem:2.1
461,375,align,Environment
462,376,\big,N/A
463,376,\big,N/A
464,377,\big,N/A
465,377,\tfrac,N/A
466,377,\tfrac,N/A
467,377,\big,N/A
468,377,\big,N/A
469,377,\tfrac,N/A
470,377,\big,N/A
471,378,\big,N/A
472,378,\tfrac,N/A
473,378,\big,N/A
474,380,\eqref,N/A
475,380,\eqref,N/A
476,382,\ref,thm:6.3
477,386,equation,Environment
478,387,\sum_,N/A
479,387,\frac,N/A
480,388,\sum_,N/A
481,388,\infty,N/A
482,388,\frac,N/A
483,388,\qquad,N/A
484,389,\sum_,N/A
485,389,\binom,N/A
486,394,equation,Environment
487,395,\chi_,"n,\chi_{0"
488,395,\qquad,"n,\chi_{0"
489,396,\frac,N/A
490,396,\chi_,N/A
491,399,\cite,DLMF
492,400,\eqref,6.10a
493,405,equation,Environment
494,406,\sum_,N/A
495,406,\tfrac,N/A
496,408,\eqref,1.1
497,409,\eqref,6.10
498,413,\eqref,N/A
499,413,\eqref,N/A
500,414,equation,Environment
501,415,\chi_q,N/A
502,415,\qquad,N/A
503,417,\ref,thm:6.3
504,418,corollary,Environment
505,421,align,Environment
506,422,\chi_q,N/A
507,422,\left,N/A
508,422,\right,N/A
509,422,\label,N/A
510,422,\quad,N/A
511,422,\times,N/A
512,422,\prod_,N/A
513,422,\ell,N/A
514,422,\left,N/A
515,422,\frac,N/A
516,422,\ell,N/A
517,422,\big,N/A
518,422,\ell,N/A
519,422,\big,N/A
520,422,\ell,N/A
521,422,\ell,N/A
522,422,\right,N/A
523,422,\ell,N/A
524,422,\nonumber,N/A
525,425,proof,Environment
526,426,\eqref,N/A
527,426,\eqref,N/A
528,426,\eqref,N/A
529,427,align,Environment
530,428,\chi_q,N/A
531,430,\ref,thm:6.3
532,432,\eqref,6.4
533,434,corollary,Environment
534,439,\ref,thm:6.3
535,440,\ref,cor:6.6
536,441,\cite,DLMF
537,442,\eqref,6.2
538,443,equation,Environment
539,444,\left,N/A
540,444,\cdots,N/A
541,444,\right,N/A
542,446,\eqref,2.12
543,447,\ref,thm:6.3
544,448,corollary,Environment
545,449,\eqref,6.14
546,453,\cite,AC
547,454,\section,Sums and Differences of Euler polynomials
548,456,\eqref,6.2
549,458,equation,Environment
550,459,\pm,N/A
551,459,\tfrac,N/A
552,459,\pm,N/A
553,459,\tfrac,N/A
554,460,\qquad,N/A
555,460,\ldots,N/A
556,462,\ref,lem:6.1
557,463,\cite,DLMF
558,464,lemma,Environment
559,467,\eqref,2.4
560,470,lemma,Environment
561,472,equation,Environment
562,473,q,Environment
563,474,\hbox,N/A
564,474,\tfrac,N/A
565,474,\hbox,N/A
566,478,equation,Environment
567,479,q,Environment
568,480,\tfrac,N/A
569,480,\hbox,N/A
570,480,\hbox,N/A
571,484,\ref,thm:6.3
572,486,theorem,Environment
573,490,equation,Environment
574,491,\left,N/A
575,491,\frac,N/A
576,491,\right,N/A
577,491,\prod_,N/A
578,491,\ell,N/A
579,492,\left,N/A
580,492,\frac,N/A
581,492,\ell,N/A
582,492,\left,N/A
583,492,\left,N/A
584,492,\frac,N/A
585,492,\right,N/A
586,492,\ell,N/A
587,492,\right,N/A
588,492,\right,N/A
589,492,\ell,N/A
590,495,equation,Environment
591,496,\frac,N/A
592,496,\prod_,N/A
593,496,\ell,N/A
594,497,\left,N/A
595,497,\frac,N/A
596,497,\ell,N/A
597,497,\left,N/A
598,497,\left,N/A
599,497,\frac,N/A
600,497,\right,N/A
601,497,\ell,N/A
602,497,\right,N/A
603,497,\right,N/A
604,497,\ell,N/A
605,500,equation,Environment
606,501,\prod_,N/A
607,501,\ell,N/A
608,501,\frac,N/A
609,501,\ell,N/A
610,501,\ell,N/A
611,502,\left,N/A
612,502,\left,N/A
613,502,\frac,N/A
614,502,\right,N/A
615,502,\ell,N/A
616,502,\right,N/A
617,502,\ell,N/A
618,505,proof,Environment
619,506,\ref,thm:6.3
620,507,\ref,lem:2.2
621,508,\eqref,2.11
622,509,\eqref,N/A
623,509,\eqref,N/A
624,510,equation,Environment
625,511,\det_,N/A
626,511,\leq,N/A
627,511,\leq,N/A
628,511,\big,N/A
629,511,\big,N/A
630,512,\left,N/A
631,512,\det_,N/A
632,512,\leq,N/A
633,512,\leq,N/A
634,512,\big,N/A
635,512,\big,N/A
636,512,\right,N/A
637,515,\eqref,N/A
638,515,\eqref,N/A
639,516,equation,Environment
640,517,\big,N/A
641,517,\tfrac,N/A
642,517,\big,N/A
643,519,\eqref,N/A
644,519,\eqref,N/A
645,520,\eqref,N/A
646,520,\eqref,N/A
647,521,\ref,lem:2.2
648,522,\eqref,2.9
649,523,\eqref,N/A
650,523,\eqref,N/A
651,524,equation,Environment
652,525,\big,N/A
653,525,\tfrac,N/A
654,525,\big,N/A
655,526,\cdot,N/A
656,526,\big,N/A
657,526,\tfrac,N/A
658,526,\big,N/A
659,528,\eqref,N/A
660,528,\eqref,N/A
661,529,\eqref,4.9
662,530,\eqref,4.5
663,531,\eqref,N/A
664,531,\eqref,N/A
665,532,\eqref,N/A
666,532,\eqref,N/A
667,533,equation,Environment
668,534,\big,N/A
669,534,\tfrac,N/A
670,534,\big,N/A
671,535,\cdot,N/A
672,535,\big,N/A
673,535,\tfrac,N/A
674,535,\big,N/A
675,537,\eqref,N/A
676,537,\eqref,N/A
677,537,\eqref,N/A
678,539,\eqref,4.6
679,541,\ref,thm:4.3
680,542,\eqref,6.10
681,545,\bigskip,N/A
682,546,center,Environment
683,547,tabular,Environment
684,548,\hline,N/A
685,549,\hline,N/A
686,550,\hline,N/A
687,552,tabular,Environment
688,553,\hline,N/A
689,554,\hline,N/A
690,555,\hline,N/A
691,557,\medskip,\bf Table~2
692,557,\bf,\bf Table~2
693,559,\bigskip,N/A
694,564,\eqref,N/A
695,564,\eqref,N/A
696,565,\eqref,4.1
697,566,align,Environment
698,567,\chi_,N/A
699,567,\left,N/A
700,567,\tfrac,N/A
701,567,\tfrac,N/A
702,568,\tfrac,N/A
703,568,\tfrac,N/A
704,568,\right,N/A
705,568,\frac,N/A
706,568,\left,N/A
707,568,\tfrac,N/A
708,568,\tfrac,N/A
709,568,\right,N/A
710,568,\frac,N/A
711,568,\cdot,N/A
712,568,\cdot,N/A
713,573,align,Environment
714,574,\frac,N/A
715,574,\chi_,N/A
716,575,\frac,N/A
717,575,\label,N/A
718,575,\frac,N/A
719,575,\chi_,N/A
720,576,\frac,N/A
721,576,\label,N/A
722,578,\ref,N/A
723,578,\eqref,N/A
724,579,\eqref,N/A
725,579,\eqref,N/A
726,579,\eqref,N/A
727,581,corollary,Environment
728,585,align,Environment
729,586,\big,N/A
730,586,\big,N/A
731,586,\left,N/A
732,586,\frac,N/A
733,586,\right,N/A
734,587,\prod_,N/A
735,587,\ell,N/A
736,587,\left,N/A
737,587,\frac,N/A
738,587,\ell,N/A
739,587,\left,N/A
740,587,\widetilde,N/A
741,587,\ell,N/A
742,587,\right,N/A
743,587,\right,N/A
744,587,\ell,N/A
745,587,\big,N/A
746,587,\big,N/A
747,587,\frac,N/A
748,588,\prod_,N/A
749,588,\ell,N/A
750,588,\left,N/A
751,588,\frac,N/A
752,588,\ell,N/A
753,588,\left,N/A
754,588,\widetilde,N/A
755,588,\ell,N/A
756,588,\right,N/A
757,588,\right,N/A
758,588,\ell,N/A
759,588,\big,N/A
760,588,\big,N/A
761,588,\left,N/A
762,588,\frac,N/A
763,588,\right,N/A
764,589,\prod_,N/A
765,589,\ell,N/A
766,589,\frac,N/A
767,589,\ell,N/A
768,589,\ell,N/A
769,590,\left,N/A
770,590,\widetilde,N/A
771,590,\ell,N/A
772,590,\right,N/A
773,590,\ell,N/A
774,593,\ref,thm:4.3
775,594,\ref,cor:6.7
776,595,equation,Environment
777,596,\cdots,s-1
778,599,\cite,N/A
779,599,\eqref,N/A
780,600,\eqref,N/A
781,600,\ref,N/A
782,602,corollary,Environment
783,603,\eqref,4.13
784,608,align,Environment
785,609,\frac,N/A
786,609,\prod_,N/A
787,609,\ell,N/A
788,610,\left,N/A
789,610,\frac,N/A
790,610,\ell,N/A
791,610,\big,N/A
792,610,\ell,N/A
793,610,\big,N/A
794,610,\right,N/A
795,610,\ell,N/A
796,610,\frac,N/A
797,610,\prod_,N/A
798,610,\ell,N/A
799,611,\frac,N/A
800,611,\ell,N/A
801,611,\ell,N/A
802,611,\big,N/A
803,611,\ell,N/A
804,611,\big,N/A
805,611,\ell,N/A
806,617,\ref,cor:6.6
807,619,\section,Derivative sequences
808,621,\eqref,N/A
809,621,\eqref,N/A
810,626,\it,N/A
811,628,equation,Environment
812,629,\qquad,N/A
813,632,\eqref,N/A
814,632,\eqref,N/A
815,632,\eqref,N/A
816,639,theorem,Environment
817,642,equation,Environment
818,643,\big,n+1
819,643,\big,n+1
820,644,\lim_,N/A
821,644,\to,N/A
822,644,\frac,N/A
823,644,\big,N/A
824,644,\big,N/A
825,649,\eqref,2.4a
826,650,\eqref,2.4b
827,651,corollary,Environment
828,653,equation,Environment
829,654,\big,N/A
830,654,\big,N/A
831,654,\prod_,N/A
832,654,\ell,N/A
833,654,\ell,N/A
834,657,proof,Environment
835,659,\eqref,5.1
836,660,\eqref,2.1
837,661,\eqref,N/A
838,661,\eqref,N/A
839,663,\eqref,N/A
840,663,\eqref,N/A
841,664,align,Environment
842,665,\big,N/A
843,665,\big,N/A
844,665,\left,N/A
845,665,\tfrac,N/A
846,665,\right,N/A
847,666,\binom,N/A
848,666,\prod_,N/A
849,666,\ell,N/A
850,666,\left,N/A
851,666,\frac,N/A
852,666,\ell,N/A
853,666,\big,N/A
854,666,\ell,N/A
855,666,\big,N/A
856,666,\right,N/A
857,666,\ell,N/A
858,666,\prod_,N/A
859,666,\ell,N/A
860,666,\big,N/A
861,666,\ell,N/A
862,666,\big,N/A
863,666,\ell,N/A
864,668,\eqref,5.3
865,670,\eqref,5.3
866,671,\eqref,N/A
867,671,\eqref,N/A
868,672,\eqref,N/A
869,672,\eqref,N/A
870,672,\ref,N/A
871,674,\ref,N/A
872,674,\eqref,N/A
873,674,\eqref,N/A
874,676,\ref,thm:5.1
875,677,\ref,cor:5.2
876,678,corollary,Environment
877,680,equation,Environment
878,681,\big,N/A
879,681,\big,N/A
880,681,\frac,N/A
881,681,\prod_,N/A
882,681,\ell,N/A
883,681,\ell,N/A
884,684,proof,Environment
885,687,\eqref,2.3
886,688,\eqref,N/A
887,688,\eqref,N/A
888,689,align,Environment
889,690,\big,N/A
890,690,\big,N/A
891,691,\left,N/A
892,691,\tfrac,N/A
893,691,\right,N/A
894,691,\binom,N/A
895,692,\prod_,N/A
896,692,\ell,N/A
897,692,\left,N/A
898,692,\frac,N/A
899,692,\ell,N/A
900,692,\big,N/A
901,692,\ell,N/A
902,692,\big,N/A
903,692,\right,N/A
904,692,\ell,N/A
905,692,\frac,N/A
906,692,\prod_,N/A
907,692,\ell,N/A
908,692,\big,N/A
909,692,\ell,N/A
910,692,\ell,N/A
911,692,\big,N/A
912,692,\ell,N/A
913,695,\eqref,5.4
914,697,corollary,Environment
915,699,equation,Environment
916,700,\big,N/A
917,700,\tfrac,N/A
918,700,\big,N/A
919,701,\prod_,N/A
920,701,\ell,N/A
921,701,\frac,N/A
922,701,\ell,N/A
923,701,\ell,N/A
924,701,\ell,N/A
925,704,proof,Environment
926,707,\eqref,2.12
927,708,\eqref,N/A
928,708,\eqref,N/A
929,709,align,Environment
930,710,\big,N/A
931,710,\tfrac,N/A
932,710,\big,N/A
933,710,\left,N/A
934,710,\tfrac,N/A
935,710,\right,N/A
936,711,\binom,N/A
937,711,\prod_,N/A
938,711,\ell,N/A
939,712,\left,N/A
940,712,\frac,N/A
941,712,\ell,N/A
942,712,\ell,N/A
943,712,\ell,N/A
944,712,\ell,N/A
945,712,\right,N/A
946,712,\ell,N/A
947,712,\prod_,N/A
948,712,\ell,N/A
949,712,\left,N/A
950,712,\frac,N/A
951,712,\ell,N/A
952,712,\ell,N/A
953,712,\ell,N/A
954,712,\right,N/A
955,712,\ell,N/A
956,715,\eqref,5.5
957,717,\ref,thm:5.1
958,722,equation,Environment
959,723,\int_,\mathbb R
960,723,\mathbb,\mathbb R
961,723,\qquad,\mathbb R
962,723,\ldots,\mathbb R
963,726,\cite,N/A
964,726,\cite,N/A
965,728,lemma,Environment
966,729,\eqref,5.6
967,732,equation,Environment
968,733,\int_,N/A
969,733,\mathbb,N/A
970,733,\zeta_n,N/A
971,733,\delta_,N/A
972,737,equation,Environment
973,738,\frac,N/A
974,738,\bf,N/A
975,738,\det,N/A
976,739,pmatrix,Environment
977,740,\cdots,N/A
978,740,\cdots,N/A
979,740,\vdots,N/A
980,740,\vdots,N/A
981,740,\ddots,N/A
982,740,\vdots,N/A
983,740,\cdots,N/A
984,740,\cdots,N/A
985,745,equation,Environment
986,746,\qquad,N/A
987,746,\geq,N/A
988,752,lemma,Environment
989,754,\ref,lem:5.5
990,755,equation,Environment
991,756,\bigg,y^k=c_k
992,758,\eqref,5.9
993,759,equation,Environment
994,760,\bf,N/A
995,760,\cdots,N/A
996,760,\qquad,N/A
997,760,\geq,N/A
998,766,\cite,N/A
999,766,\cite,N/A
1000,767,\ref,thm:5.1
1001,768,\ref,lem:5.6
1002,770,equation,Environment
1003,771,\bigg,y^k=A_k(x)
1004,771,\qquad,y^k=A_k(x)
1005,771,\leq,y^k=A_k(x)
1006,771,\leq,y^k=A_k(x)
1007,773,\it,\it monic orthogonal polynomials with respect to
1008,775,lemma,Environment
1009,781,proof,Environment
1010,783,\eqref,5.12
1011,784,equation,Environment
1012,785,\sum_,N/A
1013,785,\alpha_,N/A
1014,788,\eqref,5.13
1015,790,\eqref,5.12
1016,792,proof,Environment
1017,793,\ref,lem:5.7
1018,795,\eqref,N/A
1019,795,\eqref,N/A
1020,797,\eqref,5.2
1021,799,\section,Shifted sequences
1022,802,\eqref,N/A
1023,802,\eqref,N/A
1024,803,\ref,N/A
1025,803,\ref,N/A
1026,804,\ref,thm:2.4
1027,808,\ref,N/A
1028,808,\ref,N/A
1029,809,\ref,5.4
1030,812,\ref,thm:2.3
1031,816,\ref,N/A
1032,816,\ref,N/A
1033,817,\eqref,5.9
1034,818,equation,Environment
1035,819,n,Environment
1036,820,\cdots,N/A
1037,820,\cdots,N/A
1038,820,\cdots,N/A
1039,820,\vdots,N/A
1040,820,\vdots,N/A
1041,821,\ddots,N/A
1042,821,\ddots,N/A
1043,821,\vdots,N/A
1044,821,\cdots,N/A
1045,827,lemma,Environment
1046,829,equation,Environment
1047,830,\cdot,N/A
1048,835,\cite,DJ
1049,837,equation,Environment
1050,838,\binom,N/A
1051,838,\frac,N/A
1052,838,\qquad,N/A
1053,839,\frac,N/A
1054,842,lemma,Environment
1055,844,\eqref,N/A
1056,844,\eqref,N/A
1057,846,equation,Environment
1058,847,\lim_,N/A
1059,847,\to,N/A
1060,847,\frac,N/A
1061,848,\frac,N/A
1062,848,\prod_,N/A
1063,848,\ell,N/A
1064,849,\left,N/A
1065,849,\frac,N/A
1066,849,\ell,N/A
1067,849,\ell,N/A
1068,849,\ell,N/A
1069,849,\ell,N/A
1070,849,\ell,N/A
1071,849,\right,N/A
1072,849,\ell,N/A
1073,852,proof,Environment
1074,853,\eqref,6a.1
1075,854,equation,Environment
1076,857,\eqref,6a.3
1077,858,\eqref,N/A
1078,858,\eqref,N/A
1079,859,align,Environment
1080,860,\lim_,N/A
1081,860,\to,N/A
1082,860,\frac,N/A
1083,860,\frac,N/A
1084,861,\frac,N/A
1085,861,\cdot,N/A
1086,861,\frac,N/A
1087,861,\lim_,N/A
1088,861,\to,N/A
1089,861,\frac,N/A
1090,861,\frac,N/A
1091,862,\frac,N/A
1092,862,\left,N/A
1093,862,\frac,N/A
1094,862,\right,N/A
1095,863,\frac,N/A
1096,865,\eqref,6a.3
1097,866,\eqref,6a.4
1098,867,\eqref,N/A
1099,867,\eqref,N/A
1100,870,\eqref,6a.3
1101,874,\ref,thm:5.1
1102,875,corollary,Environment
1103,877,equation,Environment
1104,878,\big,N/A
1105,878,\big,N/A
1106,878,\frac,N/A
1107,878,\prod_,N/A
1108,878,\ell,N/A
1109,879,\left,N/A
1110,879,\frac,N/A
1111,879,\ell,N/A
1112,879,\ell,N/A
1113,879,\ell,N/A
1114,879,\right,N/A
1115,879,\ell,N/A
1116,882,proof,Environment
1117,883,\eqref,6a.6
1118,888,\eqref,N/A
1119,888,\eqref,N/A
1120,889,align,Environment
1121,890,\big,2k+2
1122,890,\big,2k+2
1123,891,\big,N/A
1124,891,\big,N/A
1125,891,\big,N/A
1126,891,\big,N/A
1127,891,\label,N/A
1128,891,\left,N/A
1129,891,\tfrac,N/A
1130,891,\right,N/A
1131,892,\lim_,N/A
1132,892,\to,N/A
1133,892,\frac,N/A
1134,892,\big,N/A
1135,892,\frac,N/A
1136,892,\big,N/A
1137,892,\left,N/A
1138,892,\frac,N/A
1139,892,\right,N/A
1140,892,\nonumber,N/A
1141,894,\ref,lem:6a.1
1142,895,equation,Environment
1143,896,\frac,N/A
1144,896,\big,N/A
1145,896,\frac,N/A
1146,896,\big,N/A
1147,896,\left,N/A
1148,896,\frac,N/A
1149,896,\right,N/A
1150,897,\cdot,N/A
1151,897,\frac,N/A
1152,897,\big,N/A
1153,897,\frac,N/A
1154,897,\big,N/A
1155,897,\left,N/A
1156,897,\frac,N/A
1157,897,\right,N/A
1158,897,\left,N/A
1159,897,\frac,N/A
1160,897,\right,N/A
1161,898,\cdot,N/A
1162,898,\frac,N/A
1163,900,\eqref,2.13
1164,901,\eqref,N/A
1165,901,\eqref,N/A
1166,902,\eqref,N/A
1167,902,\eqref,N/A
1168,902,\eqref,N/A
1169,905,\section,A collection of Hankel determinant formulas
1170,912,\eqref,N/A
1171,912,\eqref,N/A
1172,914,\eqref,2.2
1173,916,align,Environment
1174,917,\tfrac,N/A
1175,917,\left,N/A
1176,917,\right,N/A
1177,917,\label,N/A
1178,917,\left,N/A
1179,917,\right,N/A
1180,917,\label,N/A
1181,917,\frac,N/A
1182,917,\left,N/A
1183,917,\right,N/A
1184,917,\qquad,N/A
1185,917,\geq,N/A
1186,917,\label,N/A
1187,917,\tfrac,N/A
1188,917,\label,N/A
1189,919,\eqref,N/A
1190,919,\cite,N/A
1191,920,\eqref,N/A
1192,920,\eqref,N/A
1193,920,\eqref,N/A
1194,921,\eqref,N/A
1195,921,\eqref,N/A
1196,923,\eqref,7.2
1197,928,\ref,N/A
1198,928,\ref,N/A
1199,931,\eqref,5.11
1200,934,align,Environment
1201,935,\prod_,N/A
1202,935,\ell,N/A
1203,935,\ell,N/A
1204,935,\prod_,N/A
1205,935,\ell,N/A
1206,935,\ell,N/A
1207,935,\ell,N/A
1208,935,\label,N/A
1209,935,\prod_,N/A
1210,935,\ell,N/A
1211,935,\ell,N/A
1212,935,\nu,N/A
1213,936,\nu,\ell=1
1214,936,\prod_,\ell=1
1215,936,\ell,\ell=1
1216,937,\big,N/A
1217,937,\ell,N/A
1218,937,\nu,N/A
1219,937,\ell,N/A
1220,937,\nu,N/A
1221,937,\big,N/A
1222,937,\ell,N/A
1223,937,\quad,N/A
1224,937,\nu,N/A
1225,937,\label,N/A
1226,937,\prod_,N/A
1227,937,\ell,N/A
1228,937,\ell,N/A
1229,937,\nu,N/A
1230,938,\nu,\ell=1
1231,938,\prod_,\ell=1
1232,938,\ell,\ell=1
1233,939,\big,N/A
1234,939,\ell,N/A
1235,939,\nu,N/A
1236,939,\cdots,N/A
1237,939,\ell,N/A
1238,939,\nu,N/A
1239,939,\big,N/A
1240,939,\ell,N/A
1241,939,\quad,N/A
1242,939,\nu,N/A
1243,939,\label,N/A
1244,945,\subsection,Identities with nonzero terms for all  
1245,948,equation,Environment
1246,949,\varepsilon,N/A
1247,949,\cdot,N/A
1248,949,\cdot,N/A
1249,949,\prod_,N/A
1250,949,\ell,N/A
1251,949,\ell,N/A
1252,949,\ell,N/A
1253,952,\medskip,N/A
1254,953,center,Environment
1255,954,\renewcommand,N/A
1256,954,\arraystretch,N/A
1257,955,longtable,Environment
1258,956,\hline,N/A
1259,957,\hline,N/A
1260,957,\hline,N/A
1261,958,\cite,Kr
1262,958,\hline,Kr
1263,959,\cite,Kr
1264,959,\hline,Kr
1265,960,\cite,Kr
1266,960,\hline,Kr
1267,961,\cite,Kr
1268,961,\hline,Kr
1269,962,\cite,Kr
1270,962,\hline,Kr
1271,963,\cite,Ch
1272,963,\hline,Ch
1273,964,\ref,cor:5.3
1274,964,\hline,cor:5.3
1275,965,\ref,cor:5.4
1276,965,\hline,cor:5.4
1277,966,\ref,cor:6a.3
1278,966,\hline,cor:6a.3
1279,967,\cite,DJ
1280,967,\hline,DJ
1281,968,\cite,AC
1282,968,\hline,AC
1283,969,\cite,AC
1284,969,\hline,AC
1285,970,\cite,Ha
1286,970,\hline,Ha
1287,971,\cite,Kr
1288,971,\hline,Kr
1289,972,\cite,Mi
1290,972,\hline,Mi
1291,973,\cite,Kr
1292,973,\hline,Kr
1293,974,\cite,Mi
1294,974,\hline,Mi
1295,975,\ref,cor:5.2
1296,975,\hline,cor:5.2
1297,976,\ref,cor:5.3
1298,976,\hline,cor:5.3
1299,977,\cite,Ha
1300,977,\hline,Ha
1301,978,\cite,Ha
1302,978,\hline,Ha
1303,979,\cite,Ha
1304,979,\hline,Ha
1305,980,\cite,DJ
1306,980,\hline,DJ
1307,981,\cite,DJ
1308,981,\hline,DJ
1309,982,\cite,DJ
1310,982,\hline,DJ
1311,985,\subsection,Identities with zero terms for all even  
1312,988,equation,Environment
1313,992,equation,Environment
1314,994,\cdot,N/A
1315,994,\cdot,N/A
1316,994,\prod_,N/A
1317,994,\ell,N/A
1318,994,\ell,N/A
1319,994,\ell,N/A
1320,996,\medskip,N/A
1321,997,center,Environment
1322,998,\renewcommand,N/A
1323,998,\arraystretch,N/A
1324,999,longtable,Environment
1325,1000,\hline,N/A
1326,1001,\hline,N/A
1327,1001,\hline,N/A
1328,1002,\cite,Ha
1329,1002,\hline,Ha
1330,1003,\cite,N/A
1331,1003,\footnote,N/A
1332,1003,\hline,N/A
1333,1004,\cite,Ha
1334,1004,\hline,Ha
1335,1005,\eqref,6.7
1336,1005,\hline,6.7
1337,1006,\eqref,6.8
1338,1006,\hline,6.8
1339,1007,\cite,Ha
1340,1007,\hline,Ha
1341,1008,\cite,Ha
1342,1008,\hline,Ha
1343,1009,\eqref,6.4
1344,1009,\hline,6.4
1345,1010,\eqref,4.4
1346,1010,\hline,4.4
1347,1013,\subsection,Miscellaneous identities
1348,1017,\cite,AW
1349,1018,equation,Environment
1350,1019,\left,N/A
1351,1019,\frac,N/A
1352,1019,\right,N/A
1353,1019,\binom,N/A
1354,1020,\prod_,N/A
1355,1020,\ell,N/A
1356,1020,\left,N/A
1357,1020,\frac,N/A
1358,1020,\ell,N/A
1359,1020,\ell,N/A
1360,1020,\right,N/A
1361,1020,\ell,N/A
1362,1023,\cite,FY
1363,1024,align,Environment
1364,1025,\left,N/A
1365,1025,\frac,N/A
1366,1025,\right,N/A
1367,1025,\left,N/A
1368,1025,\frac,N/A
1369,1025,\right,N/A
1370,1026,\prod_,N/A
1371,1026,\ell,N/A
1372,1026,\left,N/A
1373,1026,\frac,N/A
1374,1026,\ell,N/A
1375,1026,\right,N/A
1376,1026,\ell,N/A
1377,1026,\label,N/A
1378,1026,\left,N/A
1379,1026,\frac,N/A
1380,1026,\right,N/A
1381,1026,\left,N/A
1382,1026,\frac,N/A
1383,1026,\right,N/A
1384,1027,\left,N/A
1385,1027,\frac,N/A
1386,1027,\right,N/A
1387,1028,\prod_,N/A
1388,1028,\ell,N/A
1389,1028,\left,N/A
1390,1028,\frac,N/A
1391,1028,\ell,N/A
1392,1028,\right,N/A
1393,1028,\ell,N/A
1394,1028,\label,N/A
1395,1028,\left,N/A
1396,1028,\frac,N/A
1397,1028,\right,N/A
1398,1028,\frac,N/A
1399,1028,\cdot,N/A
1400,1029,\left,N/A
1401,1029,\frac,N/A
1402,1029,\right,N/A
1403,1030,\prod_,N/A
1404,1030,\ell,N/A
1405,1030,\left,N/A
1406,1030,\frac,N/A
1407,1030,\ell,N/A
1408,1030,\right,N/A
1409,1030,\ell,N/A
1410,1030,\label,N/A
1411,1032,\eqref,7.11d
1412,1034,\cite,Ha
1413,1035,align,Environment
1414,1036,\left,N/A
1415,1036,\frac,N/A
1416,1036,\right,N/A
1417,1037,\binom,N/A
1418,1037,\left,N/A
1419,1037,\frac,N/A
1420,1037,\right,N/A
1421,1037,\prod_,N/A
1422,1037,\ell,N/A
1423,1038,frac,Environment
1424,1039,\binom,N/A
1425,1039,\hbox,N/A
1426,1039,\binom,N/A
1427,1039,\hbox,N/A
1428,1041,\left,N/A
1429,1041,\frac,N/A
1430,1041,\cdot,N/A
1431,1041,\right,N/A
1432,1041,\binom,N/A
1433,1041,\label,N/A
1434,1041,\qquad,N/A
1435,1041,\times,N/A
1436,1041,\prod_,N/A
1437,1041,\ell,N/A
1438,1042,\left,N/A
1439,1042,\frac,N/A
1440,1042,\ell,N/A
1441,1042,\ell,N/A
1442,1042,\ell,N/A
1443,1042,\right,N/A
1444,1042,\ell,N/A
1445,1042,\nonumber,N/A
1446,1042,\left,N/A
1447,1042,\frac,N/A
1448,1042,\right,N/A
1449,1043,\left,N/A
1450,1043,\frac,N/A
1451,1043,\cdot,N/A
1452,1043,\right,N/A
1453,1043,\frac,N/A
1454,1043,\binom,N/A
1455,1043,\label,N/A
1456,1043,\qquad,N/A
1457,1043,\times,N/A
1458,1043,\prod_,N/A
1459,1043,\ell,N/A
1460,1044,\left,N/A
1461,1044,\frac,N/A
1462,1044,\ell,N/A
1463,1044,\ell,N/A
1464,1044,\ell,N/A
1465,1044,\right,N/A
1466,1044,\ell,N/A
1467,1044,\nonumber,N/A
1468,1047,align,Environment
1469,1048,\big,N/A
1470,1048,\big,N/A
1471,1048,\binom,N/A
1472,1048,\left,N/A
1473,1048,\frac,N/A
1474,1048,\right,N/A
1475,1049,\big,N/A
1476,1049,\big,N/A
1477,1049,\label,N/A
1478,1049,\qquad,N/A
1479,1049,\times,N/A
1480,1049,\prod_,N/A
1481,1049,\ell,N/A
1482,1049,\left,N/A
1483,1049,\frac,N/A
1484,1049,\ell,N/A
1485,1049,\ell,N/A
1486,1049,\ell,N/A
1487,1049,\ell,N/A
1488,1049,\ell,N/A
1489,1049,\right,N/A
1490,1049,\ell,N/A
1491,1049,\nonumber,N/A
1492,1051,\cite,FK
1493,1054,\cite,FK
1494,1056,\cite,FK
1495,1058,\eqref,N/A
1496,1058,\eqref,N/A
1497,1060,\cite,FK
1498,1066,\eqref,7.8
1499,1068,align,Environment
1500,1069,\big,N/A
1501,1069,\mathcal,N/A
1502,1069,\mathcal,N/A
1503,1069,\mathcal,N/A
1504,1069,\mathcal,N/A
1505,1069,\mathcal,N/A
1506,1069,\big,N/A
1507,1069,\label,N/A
1508,1069,\binom,N/A
1509,1069,\left,N/A
1510,1069,\frac,N/A
1511,1069,\right,N/A
1512,1069,\nonumber,N/A
1513,1069,\times,N/A
1514,1069,\prod_,N/A
1515,1069,\ell,N/A
1516,1069,\left,N/A
1517,1069,\frac,N/A
1518,1069,\ell,N/A
1519,1069,\ell,N/A
1520,1069,\ell,N/A
1521,1069,\ell,N/A
1522,1069,\ell,N/A
1523,1069,\ell,N/A
1524,1069,\right,N/A
1525,1069,\nonumber,N/A
1526,1069,\qquad,N/A
1527,1069,\quad,N/A
1528,1069,\times,N/A
1529,1069,\left,N/A
1530,1069,\frac,N/A
1531,1069,\ell,N/A
1532,1069,\ell,N/A
1533,1069,\ell,N/A
1534,1069,\right,N/A
1535,1069,\ell,N/A
1536,1069,\nonumber,N/A
1537,1073,\cite,FK
1538,1076,\subsection,Other related sequences
1539,1079,\bf,\bf 1.
1540,1080,\eqref,1.2
1541,1082,equation,Environment
1542,1083,\tan,N/A
1543,1083,\sec,N/A
1544,1083,\sum_,N/A
1545,1083,\infty,N/A
1546,1083,\bf,N/A
1547,1083,\frac,N/A
1548,1087,\eqref,7.16
1549,1088,\eqref,1.2
1550,1089,align,Environment
1551,1091,\eqref,2.12
1552,1094,\cite,N/A
1553,1094,\cite,N/A
1554,1096,\bf,N/A
1555,1096,\eqref,N/A
1556,1097,\it,\it tangent numbers
1557,1097,\it,\it tangent numbers
1558,1099,\cite,N/A
1559,1099,\eqref,N/A
1560,1101,\bf,\bf 3.
1561,1103,\eqref,N/A
1562,1103,\cite,N/A
1563,1105,\cite,Ha
1564,1106,\cite,JS
1565,1107,\it,\it polynomials\/
1566,1108,\it,\it Bernoulli
1567,1109,\cite,N/A
1568,1109,\bf,N/A
1569,1111,\cite,N/A
1570,1111,\cite,N/A
1571,1112,\ref,N/A
1572,1112,\ref,N/A
1573,1114,\cite,N/A
1574,1114,\cite,N/A
1575,1116,\cite,N/A
1576,1116,\cite,N/A
1577,1116,\cite,N/A
1578,1117,thebibliography,Environment
1579,1118,\bibitem,AC
1580,1119,\it,N/A
1581,1119,\bf,N/A
1582,1120,\bibitem,AW
1583,1121,\it,N/A
1584,1121,\bf,N/A
1585,1123,\bibitem,CZ
1586,1124,\it,N/A
1587,1124,\bf,N/A
1588,1126,\bibitem,Ch
1589,1126,\it,Ch
1590,1127,\bf,\bf 111
1591,1128,\bibitem,CK
1592,1129,\it,N/A
1593,1129,\bf,N/A
1594,1131,\bibitem,DJ
1595,1132,\it,N/A
1596,1132,\tt,N/A
1597,1133,\bibitem,FY
1598,1134,\it,N/A
1599,1134,\bf,N/A
1600,1135,\bibitem,FK
1601,1136,\it,N/A
1602,1136,\bf,N/A
1603,1137,\bibitem,Ha
1604,1138,\it,N/A
1605,1138,\bf,N/A
1606,1139,\bibitem,Is
1607,1139,\it,Is
1608,1143,\bibitem,JS
1609,1144,\it,N/A
1610,1144,\bf,N/A
1611,1145,\bibitem,N/A
1612,1145,\it,N/A
1613,1145,\bf,N/A
1614,1146,\bibitem,N/A
1615,1146,\it,N/A
1616,1146,\bf,N/A
1617,1148,\bibitem,N/A
1618,1148,\it,N/A
1619,1148,\bf,N/A
1620,1149,\bibitem,Mi
1621,1150,\it,N/A
1622,1151,\bf,\bf 6
1623,1152,\bibitem,MWY
1624,1153,\it,N/A
1625,1153,\bf,N/A
1626,1154,\bibitem,DLMF
1627,1154,\it,DLMF
1628,1155,\tt,N/A
